STB 1,5,JOB IN PROGRESS,10/26/2016 10:32:50
STB 2,4,JOB IN PROGRESS,10/26/2016 10:37:52
STB 2,5,JOB IN PROGRESS,10/26/2016 10:38:52
STB 2,5,JOB IN PROGRESS,10/26/2016 10:38:52
STB 2,6,JOB IN PROGRESS,10/26/2016 10:55:41
STB 1,2,JOB IN PROGRESS,10/26/2016 11:05:50
STB 1,3,JOB IN PROGRESS,10/26/2016 11:07:46
STB 2,7,JOB IN PROGRESS,10/26/2016 11:20:15
STB 1,4,JOB IN PROGRESS,10/26/2016 11:23:47
STB 1,5,JOB IN PROGRESS,10/26/2016 11:25:03
STB 1,6,JOB IN PROGRESS,10/26/2016 11:58:44
STB 1,7,JOB IN PROGRESS,10/26/2016 12:00:45
STB 1,8,JOB IN PROGRESS,10/26/2016 12:01:45
STB 1,9,JOB IN PROGRESS,10/26/2016 12:03:46
STB 1,10,JOB IN PROGRESS,10/26/2016 12:05:57
STB 1,11,JOB IN PROGRESS,10/26/2016 12:08:08
STB 2,9,JOB IN PROGRESS,10/26/2016 12:08:39
STB 1,12,JOB IN PROGRESS,10/26/2016 12:27:07
STB 1,13,JOB IN PROGRESS,10/26/2016 12:28:02
STB 1,14,JOB IN PROGRESS,10/26/2016 12:28:32
STB 1,15,JOB IN PROGRESS,10/26/2016 12:29:58
STB 1,16,JOB IN PROGRESS,10/26/2016 12:31:29
STB 1,17,JOB IN PROGRESS,10/26/2016 12:32:55
STB 1,18,JOB IN PROGRESS,10/26/2016 12:35:00
STB 1,19,JOB IN PROGRESS,10/26/2016 12:35:41
STB 1,20,JOB IN PROGRESS,10/26/2016 12:37:22
STB 2,10,JOB IN PROGRESS,10/26/2016 12:38:17
STB 2,11,JOB IN PROGRESS,10/26/2016 12:38:47
STB 1,21,JOB IN PROGRESS,10/26/2016 12:39:23
STB 1,22,JOB IN PROGRESS,10/26/2016 12:40:48
STB 1,23,JOB IN PROGRESS,10/26/2016 12:41:29
STB 1,24,JOB IN PROGRESS,10/26/2016 14:48:35
STB 1,25,JOB IN PROGRESS,10/26/2016 14:55:59
STB 1,26,JOB IN PROGRESS,10/26/2016 14:57:05
STB 2,12,JOB IN PROGRESS,10/26/2016 15:07:30
STB 2,13,JOB IN PROGRESS,10/26/2016 15:08:05
STB 1,27,JOB IN PROGRESS,10/26/2016 15:09:21
STB 1,28,JOB IN PROGRESS,10/26/2016 15:10:06
STB 1,29,JOB IN PROGRESS,10/26/2016 15:10:47
STB 1,30,JOB IN PROGRESS,10/26/2016 15:11:27
STB 1,31,JOB IN PROGRESS,10/26/2016 15:17:25
STB 2,14,JOB IN PROGRESS,10/26/2016 15:19:56
STB 1,32,JOB IN PROGRESS,10/26/2016 15:24:23
STB 1,33,JOB IN PROGRESS,10/26/2016 15:25:14
STB 1,34,JOB IN PROGRESS,10/26/2016 15:34:43
